date,domestic_market_contract_low,export_market_spot,domestic_market_spot,wtisplc,mcoilbrenteu,gasregm,impch,expch,prubbusdm,wpufd4111,pcu325211325211,pcu32611332611301,wpu0915021625,pcu3252132521,mhhngsp,wpu072205011,pcu32611132611115,pcu32611132611112,wpu0915021622,pcu3252113252111,canada_export,usa_export,india_export,south_africa_export,turkey_export,brazil_export,germany_export,united_kingdom_export,canada_import,usa_import,india_import,south_africa_import,germany_import,united_kingdom_import,japan_import
2000-01-01,41.0,,,27.18,25.51,1.289,6902.1,863.1,29.207387288305,135.0,158.3,106.3,,,2.42,,,,,139.4,,,,,61808.0,10352529.0,,,,,,,,,
2000-02-01,41.0,,,29.35,27.78,1.377,6584.4,972.7,33.3910988232947,136.0,159.5,105.6,,,2.66,,,,,141.7,,,,,450675.0,8844172.0,,,,,,,,,
2000-03-01,45.0,,,29.89,27.49,1.516,6424.1,1330.5,30.9419130507091,136.0,163.2,106.1,,,2.79,,,,,146.3,,,,,671273.0,14091209.0,,,,,,,,,
2000-04-01,47.0,,,25.74,22.76,1.465,7070.5,1227.5,31.9301483398313,137.3,164.3,106.9,,,3.04,,,,,151.4,,,,,73178.0,14097518.0,,,,,,,,,
2000-05-01,47.0,,,28.78,27.74,1.487,7850.2,1526.3,31.2017020258803,138.2,167.5,106.3,,,3.59,,,,,155.6,,,,,211953.0,16762995.0,,,,,,,,,
2000-06-01,47.0,,,31.83,29.8,1.633,8541.7,1335.6,30.3866550681669,137.6,167.0,105.6,,,4.29,,,,,155.9,,,,,312225.0,15501421.0,,,,,,,,,
2000-07-01,47.0,,,29.77,28.68,1.551,9246.4,1642.8,29.4021076293167,137.5,167.3,105.6,,,3.99,,,,,153.8,,,,,308117.0,14439223.0,,,,,,,,,
2000-08-01,46.0,,,31.22,30.2,1.465,10054.0,1429.0,30.3085171496012,137.2,167.8,105.6,,,4.43,,,,,153.5,,,,,112650.0,10521032.0,,,,,,,,,
2000-09-01,45.0,,,33.88,33.14,1.55,10061.7,1333.3,29.8124884983428,137.4,163.7,102.9,,,5.06,,,,,148.7,,,,,76038.0,17742278.0,,,,,,,,,
2000-10-01,43.0,,,33.08,30.96,1.532,10611.6,1487.3,30.1277751472933,138.0,166.0,102.8,,,5.02,,,,,146.2,,,,,129922.0,18578970.0,,,,,,,,,
2000-11-01,42.0,,,34.4,32.55,1.517,9066.8,1450.4,28.7437287406289,138.2,164.3,141.8,,,5.52,,,,,143.7,,,,,134679.0,15852411.0,,,,,,,,,
2000-12-01,41.0,,,28.46,25.66,1.443,7604.7,1586.7,28.1258451618706,137.9,162.9,135.4,,,8.9,,,,,141.8,,,,,52558.0,12688176.0,,,,,,,,,
2001-01-01,41.0,,,29.58,25.62,1.447,8427.5,1187.5,27.6103437361532,138.6,165.6,136.0,,,8.17,,,,,142.1,,,,,114142.0,16996151.0,,,,,,,,,
2001-02-01,46.0,,,29.61,27.5,1.45,6375.6,1289.8,27.3004069271481,140.0,167.1,130.3,,,5.61,,,,,143.8,,,,,313227.0,12503539.0,,,,,,,,,
2001-03-01,49.0,,,27.24,24.5,1.409,7590.2,1855.8,26.0187851525231,141.1,169.3,131.9,,,5.23,,,,,146.2,,,,,131038.0,19016793.0,,,,,,,,,
2001-04-01,49.0,,,27.41,25.66,1.552,7686.8,1398.9,26.2534988467767,141.8,169.6,133.5,,,5.19,,,,,146.8,,,,,846888.0,14308828.0,,,,,,,,,
2001-05-01,46.0,,,28.64,28.31,1.702,7757.9,1596.0,27.51473477331,142.3,167.6,133.6,,,4.19,,,,,144.3,,,,,368022.0,11568411.0,,,,,,,,,
2001-06-01,44.0,,,27.6,27.85,1.616,8398.2,1786.4,28.1185662296469,142.0,165.3,132.6,,,3.72,,,,,141.5,,,,,823639.0,11820994.0,,,,,,,,,
2001-07-01,41.0,,,26.45,24.61,1.421,8975.3,1487.0,27.4841214793241,141.4,160.4,129.9,,,3.11,,,,,138.8,,,,,147471.0,10577138.0,,,,,,,,,
2001-08-01,38.0,,,27.47,25.68,1.421,10042.9,1929.7,26.6036904584991,142.6,155.6,127.3,,,2.97,,,,,134.1,,,,,28593.0,11075284.0,,,,,,,,,
2001-09-01,37.0,,,25.88,25.62,1.522,9927.8,1427.8,26.292151018594,142.9,150.6,128.1,,,2.19,,,,,128.7,,,,,92861.0,10686142.0,,,,,,,,,
2001-10-01,36.0,,,22.21,20.54,1.315,10808.3,1647.7,24.3699386646521,142.2,151.5,126.8,,,2.46,,,,,131.1,,,,,138679.0,11377934.0,,,,,,,,,
2001-11-01,35.0,,,19.67,18.8,1.171,8878.8,1674.5,23.3473647814519,140.7,149.9,126.9,,,2.34,,,,,129.3,,,,,187846.0,7683087.0,,,,,,,,,
2001-12-01,34.0,,,19.33,18.71,1.086,7409.1,1901.2,22.1199072290676,140.4,146.3,126.9,,,2.3,,,,,126.0,,,,,122837.0,8229498.0,,,,,,,,,
2002-01-01,33.0,,,19.67,19.42,1.107,8415.4,1569.3,25.7274386290273,141.1,142.7,124.2,,,2.32,,,,,123.5,,,,,77396.0,7578897.0,,,,,,,,,
2002-02-01,32.0,,,20.74,20.28,1.114,8020.8,1529.5,28.3348137073603,142.3,141.2,123.1,,,2.32,,,,,122.9,,,,,121983.0,9768270.0,,,,,,,,,
2002-03-01,35.0,,,24.42,23.7,1.249,7259.0,1620.5,30.4060736454083,143.4,141.7,123.5,,,3.03,,,,,125.4,,,,,71826.0,10100049.0,,,,,,,,,
2002-04-01,37.0,,,26.27,25.73,1.397,9097.6,1544.5,30.5710009457509,139.2,143.0,132.5,,,3.43,,,,,129.1,,,,,43101.0,10469386.0,,,,,,,,,
2002-05-01,37.0,,,27.02,25.35,1.392,9846.9,1773.9,31.9800767861452,139.4,144.1,132.2,,,3.5,,,,,131.7,,,,,103183.0,9240808.0,,,,,,,,,
2002-06-01,40.0,,,25.52,24.08,1.382,10727.2,2205.9,38.1194117462331,139.8,146.2,133.2,,,3.26,,,,,134.2,,,,,52991.0,7872649.0,,,,,,,,,
2002-07-01,42.0,,,26.94,25.74,1.397,11213.2,1848.0,37.7212614451261,139.8,153.4,130.1,,,2.99,,,,,140.8,,,,,269933.0,11939401.0,,,,,,,,,
2002-08-01,42.0,,,28.38,26.65,1.396,12671.4,1839.8,39.1259414196287,139.3,154.2,130.7,,,3.09,,,,,141.7,,,,,161641.0,12444693.0,,,,,,,,,
2002-09-01,42.0,,,29.67,28.4,1.4,12291.5,2023.7,40.4003165097905,138.7,154.3,132.5,,,3.55,,,,,142.0,,,,,78998.0,12756870.0,,,,,,,,,
2002-10-01,41.5,,,28.85,27.54,1.445,11455.0,1962.7,37.4785970122049,139.2,156.6,133.5,,,4.13,,,,,143.5,,,,,201872.0,10466788.0,,,,,,,,,
2002-11-01,41.0,,,26.27,24.34,1.419,12569.6,2160.8,38.1078708057541,139.2,155.1,131.3,,,4.04,,,,,142.0,,,,,147072.0,10709436.0,,,,,,,,,
2002-12-01,40.0,,,29.42,28.33,1.386,11625.0,2049.1,38.4589515238658,139.5,153.9,131.3,,,4.74,,,,,139.6,,,,,188435.0,14359059.0,,,,,,,,,
2003-01-01,42.0,,,32.94,31.18,1.458,11403.497575,2069.831893,40.8439797087274,142.0,157.8,131.2,,,5.43,,,,,142.2,,,,,177915.0,15661841.0,,,,,,,,,
2003-02-01,45.0,,,35.87,32.77,1.613,9629.62711,2048.670815,44.3216971632299,142.3,164.2,134.9,,,7.71,,,,,148.3,,,,,58240.0,12240305.0,,,,,,,,,
2003-03-01,51.0,,,33.55,30.61,1.693,10110.044562,2423.104708,48.0160494131156,142.8,172.7,154.4,,,5.93,,,,,158.0,,,,,123294.0,12015310.0,,,,,,,,,
2003-04-01,51.0,,,28.25,25.0,1.589,11521.852382,2121.94668,44.6582837198907,144.0,176.3,153.6,,,5.26,,,,,162.5,,,,,124637.0,10358954.0,,,,,,,,,
2003-05-01,49.0,,,28.14,25.86,1.497,11884.701493,1984.318683,44.7716819472496,144.6,175.4,148.3,,,5.81,,,,,160.3,,,,,126371.0,13023502.0,,,,,,,,,
2003-06-01,47.0,,,30.72,27.65,1.493,12127.301429,2119.621137,46.0828796324256,145.2,171.3,143.9,,,5.82,,,,,156.0,,,,,51677.0,12463600.0,,,,,,,,,
2003-07-01,46.0,,,30.76,28.35,1.513,13438.63509,2067.405578,45.0388176923323,144.9,166.9,143.5,,,5.03,,,,,150.5,,,,,148992.0,13541243.0,,,,,,,,,
2003-08-01,46.0,,,31.59,29.89,1.62,13764.867008,2034.428227,47.2060620748377,146.3,164.6,146.4,,,4.99,,,,,149.0,,,,,136569.0,16411505.0,,,,,,,,,
2003-09-01,49.0,,,28.29,27.11,1.679,14747.525418,2090.976796,50.1580977467978,148.0,166.2,143.9,,,4.62,,,,,150.9,,,,,154102.0,13601401.0,,,,,,,,,
2003-10-01,50.0,,,30.33,29.61,1.564,16458.317607,2778.336455,58.8783317878305,151.0,167.6,143.0,,,4.63,,,,,152.7,,,,,204268.0,15043706.0,,,,,,,,,
2003-11-01,50.0,,,31.09,28.75,1.512,14156.947961,3319.692649,57.317134018561,150.1,166.2,144.9,,,4.47,,,,,152.5,,,,,70052.0,13918960.0,,,,,,,,,
2003-12-01,50.0,,,32.15,29.81,1.479,13192.779263,3309.609238,56.4615173935601,150.3,164.8,144.9,,100.0,6.13,,,,,150.1,,,,,1420719.0,20051585.0,,,,,,,,,
2004-01-01,50.0,,,34.27,31.28,1.572,14089.015496,2620.489793,56.9385099372127,148.1,169.0,145.1,,102.3,6.14,,,,,153.0,,,,,516030.0,15467273.0,,,,,,,,,
2004-02-01,52.0,,,34.74,30.86,1.648,11267.147675,2928.991616,58.6985034776252,148.4,172.9,151.1,,104.5,5.37,,,,,158.4,,,,,42304.0,11621632.0,,,,,,,,,
2004-03-01,53.0,,,36.76,33.63,1.736,13800.119971,3361.910701,60.3278569549401,150.7,174.7,151.3,,105.5,5.39,,,,,159.2,,,,,116163.0,14634397.0,,,,,,,,,
2004-04-01,51.0,,,36.69,33.59,1.798,14744.78415,2734.55386,62.9846154244917,152.7,179.1,148.6,,107.8,5.71,,,,,163.1,,,,,73022.0,10273818.0,,,,,,,,,
2004-05-01,54.0,,,40.28,37.57,1.983,15067.110923,2835.052068,60.96288702815,155.5,180.4,148.4,,108.7,6.33,,,,,164.3,,,,,82929.0,9833014.0,,,,,,,,,
2004-06-01,50.0,,,38.02,35.18,1.969,16887.762591,2764.217124,62.0396301965008,155.0,185.7,153.3,,111.6,6.27,,,,,167.9,,,,,95868.0,15136750.0,,,,,,,,,
2004-07-01,50.0,,,40.69,38.22,1.911,17562.099879,2618.793915,56.439917731206,152.3,189.2,155.2,,113.5,5.93,,,,,169.3,,,,,87145.0,18396794.0,,,,,,,,,
2004-08-01,54.0,,,44.94,42.74,1.878,18067.867052,2620.970808,55.5759312370429,152.2,195.2,158.2,,116.9,5.41,,,,,172.7,,,,,90683.0,19460198.0,,,,,,,,,
2004-09-01,54.0,,,45.95,43.2,1.87,18386.945745,2823.070552,56.4156181110577,152.7,203.8,164.3,,121.7,5.15,,,,,178.7,,,,,143273.0,16946450.0,,,,,,,,,
2004-10-01,59.0,,,53.13,49.78,2.0,19718.157481,2946.743822,57.687298232154,155.1,212.2,170.1,,126.3,6.35,,,,,184.2,,,,,110843.0,17423111.0,,,,,,,,,
2004-11-01,65.0,,,48.46,43.11,1.979,19678.992143,2938.175371,55.6841995445927,154.7,219.4,172.5,,130.6,6.17,,,,,190.2,,,,,185890.0,20802018.0,,,,,,,,,
2004-12-01,65.0,,,43.33,39.6,1.841,17412.030829,3234.802826,53.664361118707,154.9,222.1,180.7,,132.2,6.58,,,,,195.0,,,,,169717.0,28074497.0,,,,,,,,,
2005-01-01,65.0,,,46.84,44.51,1.831,17885.84061,2609.326126,53.6713810089721,154.2,226.6,181.0,,134.9,6.15,,,,,201.5,,,,,163215.0,24200797.0,,,,,,,,,
2005-02-01,65.0,,,47.97,45.48,1.91,16937.594812,3058.089091,57.09267223323,155.4,226.9,184.5,,135.2,6.14,,,,,202.2,,,,,146505.0,19726721.0,,,,,,,,,
2005-03-01,65.0,,,54.31,53.1,2.079,16184.944952,3336.381178,59.7969470723052,156.3,229.1,180.0,,136.5,6.96,,,,,203.8,,,,,202049.0,26336656.0,,,,,,,,,
2005-04-01,63.0,,,53.04,51.88,2.243,18148.45816,3263.670754,59.5394692790162,156.3,230.6,180.4,,137.4,7.16,,,,,203.3,,,,,131212.0,22710735.0,,,,,,,,,
2005-05-01,59.0,,,49.83,48.65,2.161,19053.18688,3222.909738,61.6602861264073,156.7,226.3,183.0,,135.1,6.47,,,,,200.3,,,,,182351.0,22628601.0,,,,,,,,,
2005-06-01,55.0,,,56.26,54.35,2.156,20976.701857,3370.730806,66.0132317175254,155.5,219.9,181.4,,131.8,7.18,,,,,195.0,,,,,76301.0,14196905.0,,,,,,,,,
2005-07-01,55.0,,,58.7,57.52,2.29,21272.66946,3559.972145,76.7382004284509,154.4,218.7,177.2,,131.1,7.63,,,,,193.4,,,,,41940.0,22277058.0,,,,,,,,,
2005-08-01,61.0,,,64.97,63.98,2.486,22421.292348,3728.723847,72.5594021150625,154.0,217.1,174.3,,130.3,9.53,,,,,191.6,,,,,74906.0,21182469.0,,,,,,,,,
2005-09-01,70.5,,,65.57,62.91,2.903,23294.481679,3165.813266,76.9355427981404,155.8,223.0,182.2,,133.6,11.75,,,,,197.5,,,,,155799.0,23099752.0,,,,,,,,,
2005-10-01,79.0,,,62.37,58.54,2.717,24382.852726,3899.151496,77.175593591121,155.8,238.6,197.3,,142.2,13.42,,,,,217.4,,,,,81592.0,22154270.0,,,,,,,,,
2005-11-01,87.0,,,58.3,55.24,2.257,22426.128316,3807.491572,72.5295062187588,156.3,244.3,209.1,,145.5,10.3,,,,,222.9,,,,,124214.0,14691957.0,,,,,,,,,
2005-12-01,83.0,,,59.43,56.86,2.185,20485.952995,4169.750104,76.219808531953,157.5,241.2,209.1,,143.9,13.05,,,,,218.5,,,,,206478.0,18993407.0,,,,,,,,,
2006-01-01,79.0,,,65.51,62.99,2.316,21382.505907,3396.870149,85.0675702237423,157.1,240.0,207.8,,143.4,8.69,,,,,216.8,,,,,113132.0,22141953.0,,,,,,,,,
2006-02-01,75.0,,,61.63,60.21,2.28,17905.353467,4072.245086,93.3664304959585,153.8,236.4,212.2,,141.7,7.54,,,,,211.5,,,,,231385.0,23212416.0,,,,,,,,,
2006-03-01,71.0,,,62.9,62.06,2.425,20531.25833,4867.06471,93.9381054725787,154.4,235.4,211.5,,141.1,6.89,,,,,210.2,,,,,288432.0,22916090.0,,,,,,,,,
2006-04-01,67.0,,,69.69,70.26,2.742,21459.069933,4232.404495,97.2718057629218,154.8,231.6,209.5,,138.9,7.16,,,,,204.0,,,,,198426.0,22826896.0,,,,,,,,,
2006-05-01,70.0,,,70.94,69.78,2.907,22317.635131,4434.090049,110.979065175253,154.2,232.6,198.6,,139.4,6.25,,,,,206.1,,,,,439445.0,31941485.0,,,,,,,,,
2006-06-01,73.0,,,70.96,68.56,2.885,23989.699396,4302.905336,122.556484197039,156.1,235.1,196.2,,140.8,6.21,,,,,209.8,,,,,453024.0,28608230.0,,,,,,,,,
2006-07-01,73.0,,,74.41,73.67,2.981,24632.010765,4806.275103,112.63143934534,156.4,235.8,199.2,,141.3,6.17,,,,,210.3,,,,,285726.0,38748175.0,,,,,,,,,
2006-08-01,78.0,,,73.05,73.23,2.952,26713.335235,4603.268577,98.6358399427319,158.3,238.7,202.5,,142.8,7.14,,,,,214.0,,,,,139014.0,39953613.0,,,,,,,,,
2006-09-01,76.0,,,63.87,61.96,2.555,27570.617915,4461.009876,82.4405112899275,159.2,239.9,202.6,,143.7,4.9,,,,,213.8,,,,,253817.0,35794704.0,,,,,,,,,
2006-10-01,70.0,,,58.88,57.81,2.245,29388.601739,4885.264175,82.5755091796405,158.4,238.3,204.7,,143.0,5.85,,,,,210.3,,,,,507711.0,38349932.0,,,,,,,,,
2006-11-01,64.0,,,59.37,58.76,2.229,27775.079221,4595.822622,73.6779209940118,157.9,234.3,204.6,,141.1,7.41,,,,,205.3,,,,,295466.0,55124821.0,,,,,,,,,
2006-12-01,61.0,,,62.03,62.47,2.313,24109.185573,5015.788165,78.1671886168233,160.1,227.6,204.6,,137.5,6.73,,,,,196.2,,,,,315187.0,58978178.0,,,,,,,,,
2007-01-01,61.0,54.0,,54.57,53.68,2.24,25640.562672,4389.534621,94.2393268508427,161.1,224.5,204.5,,135.9,6.55,,,,,194.0,,,,,259697.0,49839043.0,,,,,,,,,
2007-02-01,64.0,55.0,,59.26,57.56,2.278,23038.880362,4532.889974,103.362484237646,163.9,222.4,192.8,,134.8,8.0,,,,,191.4,,,,,400171.0,33865526.0,,,,,,,,,
2007-03-01,67.0,57.0,,60.56,62.05,2.563,22723.044235,5425.393888,101.723364405822,166.3,224.0,192.8,,135.6,7.11,,,,,193.3,,,,,1110651.0,45371182.0,,,,,,,,,
2007-04-01,67.0,59.0,,63.97,67.49,2.845,24241.522773,4703.951215,105.244894811804,166.8,228.8,192.8,,138.3,7.6,,,,,199.0,,,,,509896.0,33233675.0,,,,,,,,,
2007-05-01,71.0,61.0,,63.46,67.21,3.146,25290.574442,5129.43674,107.442120464773,166.8,230.0,192.9,,138.9,7.64,,,,,201.4,,,,,504849.0,48589505.0,,,,,,,,,
2007-06-01,71.0,62.0,,67.48,71.05,3.056,27070.961198,5561.77325,100.30343205675,166.3,231.8,192.9,,140.0,7.35,,100.0,100.0,,204.7,,,,,467833.0,45333265.0,,,,,,,,,
2007-07-01,76.0,63.0,,74.18,76.93,2.965,28601.170814,4665.937256,94.1669188918148,166.4,233.5,,,141.0,6.22,,,,,206.8,,,,,596099.0,44498638.0,,,,,,,,,
2007-08-01,76.0,64.0,,72.39,70.76,2.786,28424.501435,5552.797567,95.8627378373185,166.3,234.4,,,141.6,6.22,,,,,207.0,,,,,370193.0,42853695.0,,,,,,,,,
2007-09-01,76.0,64.0,,79.93,77.17,2.803,29418.96253,5311.870909,98.1121463109289,168.4,233.4,,,141.0,6.08,,,,,206.2,,,,,720424.0,32608922.0,,,,,,,,,
2007-10-01,80.0,66.0,,86.2,82.34,2.803,31555.406402,5532.919982,105.766033621884,169.7,237.0,,,142.9,6.74,,,,,207.9,,,,,1934818.0,43619885.0,,,,,,,,,
2007-11-01,85.0,67.0,,94.62,92.41,3.08,29780.718791,5581.504999,112.615239598575,169.5,243.5,,,146.5,7.1,,,,,215.6,,,,,1142758.0,32777622.0,,,,,,,,,
2007-12-01,85.0,70.0,,91.73,90.93,3.018,25656.56128,6548.881175,112.390984280604,172.2,245.8,,,147.8,7.11,,,,,217.1,,,,,1000760.0,38293584.0,,,,,,,,,
2008-01-01,85.0,70.0,,92.95,92.18,3.043,26193.032145,5556.708852,119.006285148296,174.5,250.0,,,150.6,7.99,,,,,218.7,,,,,774600.0,38173030.0,166651741.0,,,,,,122744998.0,,
2008-02-01,85.0,69.0,,95.35,94.99,3.028,24095.886455,5698.054777,126.552421732544,173.6,250.2,,,150.9,8.54,,,,,218.7,,,,,1211906.0,27457374.0,166553129.0,,,,,,149283636.0,,
2008-03-01,85.0,69.0,,105.56,103.64,3.244,22440.24177,6294.351708,126.643140314431,176.0,250.6,,,151.3,9.41,,,,,220.5,,,,,2032411.0,34557150.0,177037039.0,,,,,,144263050.0,,
2008-04-01,88.0,67.0,,112.57,109.07,3.458,25951.666996,5651.24836,128.593589825004,175.5,251.3,,,152.3,10.18,,,,,222.6,,,,,1289962.0,30288462.0,190567343.0,,,,,,178729898.0,,
2008-05-01,91.0,69.0,,125.39,122.8,3.766,27634.532443,6275.672316,138.277798441455,177.6,256.1,,,155.3,11.27,,,,,228.5,,,,,645557.0,30129185.0,164306225.0,,,,,,149958877.0,,
2008-06-01,96.0,72.0,,133.93,132.32,4.054,27930.640534,6188.166337,146.170315065635,180.0,258.6,,,157.0,12.69,,,,,231.9,,,,,788379.0,23297277.0,181812863.0,,,,,,164454795.0,,
2008-07-01,103.0,80.0,,133.44,132.72,4.062,31247.270669,6234.635702,144.932795280109,181.0,269.8,,,165.0,11.09,,,,,244.5,,,,,1255355.0,34449230.0,208173003.0,,,,,,149423147.0,,
2008-08-01,103.0,77.0,,116.61,113.24,3.779,31823.697889,6201.296378,132.746124912575,181.3,274.4,,,168.4,8.26,,,,,249.4,,,,,775188.0,42514108.0,150949705.0,,,,,,155720956.0,,
2008-09-01,96.0,77.0,,103.9,97.23,3.703,33078.730631,5257.646643,128.710080731291,181.5,269.5,,,166.4,7.67,,,,,240.3,,,,,2744319.0,49162289.0,168068025.0,,,,,,148774375.0,,
2008-10-01,85.0,70.0,,76.65,71.58,3.051,34032.388283,6083.400135,87.077467895931,180.7,264.8,,,164.2,6.74,,,,,233.0,,,,,1750530.0,48200959.0,160547986.0,,,,,,121109577.0,,
2008-11-01,65.0,46.0,,57.44,52.45,2.147,28265.02503,5180.95014,74.9017971351072,179.8,239.1,,,151.0,6.68,,,,,203.5,,,,,1785695.0,28879394.0,107759301.0,,,,,,91855168.0,,
2008-12-01,55.0,32.0,,41.02,39.95,1.687,25079.514978,5110.706195,55.3560842389086,177.7,227.1,,,143.5,5.82,,,,,191.2,,,,,674999.0,19641681.0,70949585.0,,,,,,65210245.0,,
2009-01-01,55.0,39.0,,41.74,43.44,1.788,24743.457402,4159.649756,67.3477472200155,177.7,218.8,,,137.3,5.24,,,,,181.5,,,,,780248.0,24404375.0,91767634.0,,,,,,69191177.0,,
2009-02-01,62.0,42.0,,39.16,43.32,1.923,18845.49521,4661.681362,66.3674465440756,175.0,224.7,,,138.9,4.52,,,,,190.5,,,,,1966489.0,18364536.0,83457225.0,,,,,,69098393.0,,
2009-03-01,62.0,42.0,,47.98,46.54,1.959,21224.713513,5579.259023,64.9008981964321,173.8,222.0,,,136.7,3.96,,,,,189.0,,,,,1124209.0,36156155.0,93685189.0,,,,,,84561401.0,,
2009-04-01,62.0,41.0,,49.79,50.18,2.049,21920.595248,5161.442609,73.7707013618509,175.9,218.4,,,134.4,3.5,,,,,185.0,,,,,621901.0,32616967.0,86745628.0,,,,,,80503202.0,,
2009-05-01,65.0,41.0,,59.16,57.3,2.266,22734.147846,5256.018098,76.8046193901897,174.0,221.6,,,135.8,3.83,,,,,189.0,,,,,552829.0,42390687.0,99073165.0,,,,,,85672914.0,,
2009-06-01,68.0,44.0,,69.68,68.61,2.631,23972.774237,5548.574581,75.9603180428538,176.1,221.3,,,135.8,3.8,,,,,188.8,,,,,641770.0,31157826.0,130212446.0,,,,,,85227362.0,,
2009-07-01,68.0,50.0,,64.09,64.44,2.527,25671.084409,5269.286701,79.3432605757159,173.5,232.0,,,141.7,3.38,,,,,201.2,,,,,973384.0,43433011.0,116402414.0,,,,,,90474898.0,,
2009-08-01,68.0,51.0,,71.06,72.51,2.616,25798.119656,5517.974227,93.2047030240823,173.9,231.5,,,142.5,3.14,,,,,200.8,,,,,471471.0,31321103.0,105566251.0,,,,,,85220437.0,,
2009-09-01,72.0,52.0,,69.46,67.65,2.554,27893.916592,5764.348788,98.5533685046526,173.9,234.8,,,145.1,2.99,,,,,202.7,,,,,698748.0,40202251.0,114592279.0,,,,,,99356550.0,,
2009-10-01,72.0,48.0,,75.82,72.77,2.551,29557.782865,6879.300033,106.69329944307,175.6,233.4,,,144.5,4.01,,,,,200.4,,,,,749315.0,39429448.0,125427728.0,,,,,,91482174.0,,
2009-11-01,72.0,50.0,,78.08,76.66,2.651,27541.720775,7374.160636,115.713711163267,176.9,233.5,,,144.7,3.66,,,,,201.2,,,,,1435341.0,31955967.0,116864536.0,,,,,,91344118.0,,
2009-12-01,72.0,51.0,,74.3,74.46,2.607,26470.075735,8324.982797,127.232811096697,179.8,242.1,,,149.3,5.35,,,,,203.6,,,,,305062.0,55003417.0,106165522.0,,,,,,84888093.0,,
2010-01-01,76.0,56.0,,78.22,76.17,2.715,25215.919006,6898.358856,139.790854789358,180.1,240.0,,,148.6,5.83,,,,,201.0,85264272.0,243608493.0,,805536.0,190932.0,32874523.0,113125576.0,44666643.0,25787263.0,82877181.0,,9723836.0,83218738.0,52677816.0,3133547.0
2010-02-01,84.0,64.0,,76.42,73.75,2.644,23342.777514,6840.227481,141.865718355091,180.9,252.8,,,155.7,5.32,,,,,217.1,84061885.0,230178732.0,,1804158.0,317535.0,29664695.0,105771539.0,42928511.0,28643366.0,78372596.0,,5446836.0,99166103.0,55872515.0,2521829.0
2010-03-01,90.0,69.0,,81.24,78.83,2.772,24292.213197,7400.774615,151.4369231728,185.6,248.7,,,153.7,4.29,,,,,219.5,91895503.0,232468187.0,,1424084.0,488309.0,31323843.0,123254474.0,41244447.0,38397083.0,89650913.0,,8846398.0,120809253.0,60027527.0,2288267.0
2010-04-01,90.0,65.0,,84.48,84.82,2.848,25920.188141,6600.725426,179.086727788998,184.2,263.9,,,162.4,4.03,,,,,238.8,76973466.0,168011033.0,,914269.0,521138.0,38137981.0,123768121.0,38325803.0,31299102.0,74661951.0,,9771332.0,99324643.0,71104465.0,3281961.0
2010-05-01,84.0,63.0,,73.84,75.95,2.836,29052.438345,6755.285795,166.911390841138,184.1,254.0,,,157.5,4.14,,,,,226.0,95454363.0,161234089.0,,900239.0,1004916.0,45783863.0,120755933.0,47862867.0,34879377.0,95386109.0,,10712552.0,116711339.0,62448243.0,3975382.0
2010-06-01,78.0,56.0,,75.35,74.76,2.732,32843.100035,6733.718548,161.740922574989,179.5,247.6,,,154.5,4.8,,,,,218.8,90221379.0,181249748.0,,924042.0,282465.0,31903534.0,115284932.0,37120668.0,37255116.0,89635254.0,,13415342.0,106536151.0,64788926.0,6882619.0
2010-07-01,76.0,52.0,,76.37,75.58,2.729,33266.833594,7339.256032,148.514565693036,180.5,251.7,,,157.0,4.63,,,,,224.8,95626904.0,176766930.0,,942486.0,333195.0,30077586.0,114060230.0,40888872.0,35301449.0,95801442.0,,15382433.0,107473963.0,62946512.0,7242558.0
2010-08-01,76.0,52.5,,76.82,77.04,2.73,35375.288431,7209.734849,150.415532340762,180.1,250.0,,,156.0,4.32,,,,,222.7,88148749.0,203514453.0,,1119934.0,3177477.0,48328367.0,115537579.0,31891589.0,39410756.0,84962282.0,,17353568.0,106482399.0,59737154.0,9372165.0
2010-09-01,81.0,57.0,,75.31,77.84,2.705,35196.698854,7114.311226,160.244065973852,181.9,249.2,,,155.7,3.89,,,,,221.6,88778366.0,184355915.0,,2242193.0,608661.0,35051903.0,127865818.0,44878894.0,36492403.0,82764267.0,,12494588.0,105350781.0,59254504.0,7535953.0
2010-10-01,81.0,58.5,,81.9,82.67,2.801,35083.299437,9417.288527,178.024417122312,182.1,254.1,,,158.3,3.43,,,,,227.7,75334113.0,179872991.0,,1313264.0,483539.0,38308066.0,118198168.0,34911751.0,33910609.0,71918421.0,,10988659.0,119396713.0,50179746.0,7561902.0
2010-11-01,85.0,60.5,,84.14,85.28,2.859,34564.293893,9475.844966,195.323292160842,183.9,249.4,,,155.7,3.71,,,,,221.3,72702229.0,181238381.0,,2808403.0,434645.0,41248995.0,115445168.0,39301123.0,41879653.0,71451649.0,,8492378.0,100130920.0,59421518.0,7315862.0
2010-12-01,85.0,61.5,,89.04,91.45,2.993,30799.583148,10125.554623,215.275194818155,186.0,248.0,,,155.0,4.25,,,,,218.4,85122954.0,185346032.0,,1792609.0,424552.0,57738238.0,111957242.0,37592131.0,28987508.0,81708097.0,,6231185.0,104406806.0,44023421.0,4862280.0
2011-01-01,85.0,61.5,,89.42,96.52,3.095,31377.353746,8017.791834,250.361686346119,186.9,253.0,,,158.1,4.49,,,,,224.1,86869345.0,188238250.0,37773078.0,1994727.0,537894.0,38586848.0,125310116.0,47489095.0,40335246.0,85702532.0,35649297.0,8715743.0,105903120.0,62215598.0,6775204.0
2011-02-01,88.0,63.0,,89.58,103.72,3.211,27244.735813,8383.310124,280.787618727944,193.4,259.7,,,162.5,4.09,,,,,231.6,88576581.0,219983038.0,23628597.0,1591135.0,551600.0,54316343.0,145400011.0,46108519.0,36433055.0,90515678.0,28057324.0,7241441.0,119563248.0,69564895.0,7427185.0
2011-03-01,90.0,65.5,,102.94,114.64,3.561,27599.666857,9563.728281,245.782276192328,192.9,264.7,,,165.8,3.97,,,,,237.2,117732187.0,247459897.0,29703823.0,3445025.0,1197254.0,50907517.0,153061917.0,62262526.0,46965133.0,115912878.0,32457153.0,9567845.0,154836836.0,103658888.0,6285154.0
2011-04-01,96.0,68.5,,110.04,123.26,3.8,29580.282706,8000.503316,265.492465821774,193.0,271.0,,,170.0,4.24,,,,,244.3,116488589.0,227556039.0,31024430.0,1669460.0,2281587.0,41242100.0,142767256.0,49584801.0,47481431.0,116801286.0,25234581.0,8078978.0,143864504.0,90222543.0,11994232.0
2011-05-01,96.0,72.0,,101.33,114.99,3.906,32788.071613,7849.159315,232.074008219104,191.0,282.6,,,177.5,4.31,,,,,258.4,118399936.0,228619121.0,23693565.0,2158497.0,2759467.0,48624901.0,156527653.0,54723246.0,43163340.0,119335197.0,31993874.0,10240296.0,167591258.0,95489308.0,14155462.0
2011-06-01,93.0,68.5,,96.29,113.83,3.68,34374.830793,7867.005088,223.802741515545,192.4,281.9,,,178.5,4.54,,,,,255.4,124512340.0,185627732.0,27232094.0,1505076.0,2448656.0,67363990.0,144829326.0,38260684.0,42586541.0,122484723.0,42870979.0,11342160.0,153563921.0,82933479.0,15615830.0
2011-07-01,89.0,65.0,,97.19,116.97,3.65,35152.243254,8157.901187,214.640164744945,193.5,280.5,,,178.7,4.42,,,,,253.2,142241282.0,197113144.0,26707364.0,1810801.0,2525957.0,69309170.0,128145165.0,42984335.0,42183582.0,139919271.0,29825491.0,10061175.0,143098589.0,84037080.0,17153621.0
2011-08-01,89.0,69.0,,86.33,110.22,3.639,37374.136523,8421.642066,212.113004249518,195.7,276.6,,,177.1,4.06,,,,,248.9,104977640.0,224802697.0,15671545.0,1886443.0,2117414.0,55051122.0,121868585.0,35444421.0,46509860.0,103029778.0,28812657.0,9899792.0,134318266.0,82227098.0,19029817.0
2011-09-01,89.0,60.0,,85.61,112.83,3.611,36418.64286,8370.063556,206.452812729631,197.0,279.2,,,178.3,3.9,,,,,250.9,114223023.0,222768194.0,27917271.0,1445648.0,2479800.0,53149368.0,130276473.0,38104206.0,52087707.0,111224432.0,43992237.0,12456807.0,127350985.0,90223861.0,15866214.0
2011-10-01,84.0,56.5,,86.41,109.55,3.448,37824.071703,9745.556144,184.20634848636,195.9,273.7,,,174.8,3.57,,,,,242.5,95993412.0,193646672.0,21971327.0,1687732.0,1904452.0,45636318.0,118067837.0,35665410.0,41848397.0,95328210.0,43124772.0,12655853.0,115004924.0,76770126.0,15994286.0
2011-11-01,84.0,59.0,,97.21,110.77,3.384,36764.911636,9997.195589,152.945049162992,197.9,276.0,,,174.3,3.24,,,,,245.8,96783450.0,209614209.0,28984684.0,1780778.0,1090398.0,52162503.0,121229463.0,37784476.0,44384788.0,96363367.0,40154506.0,19353083.0,114018861.0,60330583.0,13995833.0
2011-12-01,89.0,62.0,,98.57,107.87,3.266,32872.285127,9747.667135,153.517440215375,197.2,271.1,,100.0,170.7,3.17,100.0,,,100.0,240.0,111171298.0,232196151.0,32652504.0,1807316.0,1046259.0,50995343.0,102196949.0,32444523.0,36668789.0,109435861.0,41348047.0,9041179.0,92306628.0,50533986.0,10848684.0
2012-01-01,89.0,64.0,70.0,100.24,110.69,3.38,34417.54042,8359.472713,164.475176292465,197.0,275.9,,99.5,173.5,2.67,,,,99.8,245.3,117129291.0,203246209.0,23426531.0,1770445.0,737242.0,64884762.0,130281209.0,31411208.0,41296978.0,115248070.0,39210696.0,15334982.0,108288543.0,58785230.0,16041695.0
2012-02-01,92.0,67.0,67.5,102.25,119.33,3.579,28105.186419,8785.662778,181.551641984733,196.7,279.6,,101.9,176.1,2.51,,,,99.6,249.3,121228819.0,209616486.0,29475366.0,1646831.0,1277360.0,40059427.0,139938790.0,36935967.0,44270659.0,113710379.0,41952169.0,6123759.0,134369637.0,68945543.0,12923496.0
2012-03-01,95.0,70.0,66.5,106.19,125.45,3.852,31431.348931,9811.576526,178.218715903215,197.3,283.4,,103.0,179.4,2.17,,,,100.2,253.4,144677497.0,207062350.0,21066955.0,1862321.0,5370890.0,47256384.0,131537544.0,42558585.0,41651680.0,136995405.0,49179416.0,10906724.0,138668637.0,73832373.0,12038521.0
2012-04-01,95.0,68.75,64.5,103.33,119.75,3.9,33016.253834,8468.141982,174.404205713456,197.5,283.9,,103.6,180.6,1.95,,,,101.4,253.5,122931482.0,178745109.0,25400330.0,2065147.0,6827227.0,54143326.0,143704599.0,39187670.0,40655095.0,124319485.0,51858772.0,13592560.0,131408477.0,76783844.0,15597002.0
2012-05-01,88.0,61.75,57.0,94.7,110.34,3.732,34937.829923,8960.154977,169.105621995462,197.2,283.1,,102.9,179.8,2.43,,,,102.8,252.1,136293775.0,219029529.0,14034867.0,1755840.0,5465741.0,60235847.0,128132391.0,40203564.0,40719864.0,132601647.0,58835131.0,13249748.0,129631415.0,86622891.0,18172709.0
2012-06-01,81.0,57.75,51.25,82.41,95.16,3.539,35949.359451,8478.117308,145.091411931049,198.1,280.3,,101.8,176.6,2.46,,,,102.3,248.7,103564200.0,235932031.0,9412079.0,1518380.0,1288183.0,57072247.0,134997812.0,38917543.0,51230631.0,104551390.0,44193425.0,10532128.0,127367240.0,74757145.0,19549860.0
2012-07-01,81.0,58.0,54.75,87.93,102.62,3.439,37930.755206,8515.095501,139.632391811906,198.1,277.0,,100.6,173.7,2.95,,,,102.1,245.0,114679085.0,229112851.0,20309130.0,1265529.0,1113976.0,56063336.0,128425419.0,38916596.0,47559100.0,114861170.0,46288926.0,14233308.0,115975602.0,52032715.0,22174057.0
2012-08-01,86.0,62.25,59.0,94.16,113.36,3.722,37280.629144,8613.335319,126.692819537845,200.0,277.5,,99.9,173.7,2.84,,,,100.2,246.4,45349925.0,234614848.0,19227531.0,1497280.0,2131203.0,56223905.0,112720899.0,27492883.0,111113498.0,110995955.0,43355143.0,13699617.0,117807199.0,80824952.0,17331800.0
2012-09-01,86.0,64.75,61.5,94.72,112.86,3.849,37891.823059,8804.20969,137.821937567472,200.7,274.0,,100.2,171.4,2.85,,,,99.7,241.9,102286951.0,208657258.0,29235575.0,1868385.0,4310616.0,51390255.0,151552552.0,33545679.0,36159980.0,107096226.0,56537554.0,13833062.0,116119487.0,64315149.0,17911965.0
2012-10-01,86.0,64.0,61.5,89.57,111.71,3.746,40257.083524,10824.431396,145.329106397227,200.9,276.9,,100.7,173.0,3.32,,,,99.2,245.5,94650308.0,235941652.0,20044634.0,2670187.0,3550137.0,41115277.0,141752474.0,42912607.0,40609742.0,91156398.0,54606825.0,14368674.0,121147818.0,73943420.0,17741713.0
2012-11-01,84.0,60.25,57.75,86.66,109.06,3.452,39543.693182,10587.785547,134.905011164865,203.1,276.9,,100.8,172.9,3.54,,,,100.1,245.5,110355667.0,218889218.0,7279093.0,2731911.0,4264725.0,35044331.0,132947791.0,39622921.0,38712887.0,106377065.0,43912619.0,9431289.0,124562880.0,73194516.0,21043247.0
2012-12-01,84.0,59.5,57.75,88.25,109.49,3.31,34857.579544,10308.631935,141.053787047201,202.3,276.3,,101.1,172.3,3.34,,,,99.7,244.7,117047046.0,250914829.0,16619450.0,1832944.0,929980.0,40894825.0,106954120.0,34368839.0,31207979.0,109415963.0,50724726.0,10920659.0,102886123.0,60732927.0,13339332.0
2013-01-01,89.0,64.75,63.5,94.69,112.96,3.319,37193.658803,9382.923146,149.85060298992,203.4,283.1,,101.2,176.2,3.33,,,,100.5,253.6,132170442.0,271967916.0,9005478.0,2672614.0,1423330.0,45155347.0,135843083.0,47597111.0,41151852.0,129816942.0,52443067.0,16358171.0,146979783.0,69115809.0,13840005.0
2013-02-01,93.0,68.25,64.25,95.32,116.05,3.67,32742.677585,9133.3176,144.509661024979,201.7,287.7,,101.9,178.7,3.33,,,,100.2,258.4,105576899.0,250562273.0,11240413.0,2222073.0,1161589.0,42143877.0,136348554.0,41694815.0,38114372.0,101381103.0,39045326.0,9006995.0,131376288.0,74757905.0,14526934.0
2013-03-01,93.0,65.5,63.5,93.05,108.47,3.711,27294.067203,9539.031339,135.048216926273,203.6,290.9,,102.0,180.6,3.81,,,,100.8,261.9,143256927.0,257114654.0,17808432.0,1224013.0,1991935.0,33475473.0,132784896.0,46170028.0,40046676.0,138082347.0,52966106.0,11264763.0,130969923.0,67074146.0,12902417.0
2013-04-01,93.0,63.25,60.75,92.07,102.25,3.57,33131.926306,8953.954532,130.03683999139,201.8,289.4,,103.6,179.9,4.17,,,,101.7,260.2,114377025.0,231470121.0,11024788.0,1879246.0,1106185.0,48403337.0,145113215.0,34962401.0,38965833.0,112665077.0,46428213.0,16318608.0,136514235.0,69255136.0,17013992.0
2013-05-01,93.0,64.0,61.25,94.8,102.56,3.615,36617.62364,8752.827685,137.803685852783,203.1,287.1,,104.0,178.7,4.04,,,,101.7,257.5,159444786.0,229886977.0,4605266.0,1682993.0,1071471.0,38519921.0,168324939.0,43788065.0,38496321.0,135118288.0,46270171.0,15218595.0,141650993.0,66376873.0,16893088.0
2013-06-01,95.0,66.75,64.5,95.8,102.92,3.626,35885.978832,9217.62633,127.468679409603,203.2,288.1,,104.1,178.8,3.83,,,,102.9,258.7,139026477.0,223822695.0,7841319.0,2737716.0,2394637.0,43277466.0,148808996.0,34464822.0,37801567.0,131050407.0,54092048.0,7462722.0,143649584.0,66111907.0,15688747.0
2013-07-01,95.0,65.5,64.75,104.61,107.93,3.591,38800.430628,8723.70815,116.259806974523,203.2,287.1,225.7,104.5,177.9,3.62,99.7,126.2,117.6,103.6,256.8,137254632.0,212836673.0,7556293.0,2787165.0,4075208.0,36312676.0,148391030.0,34866087.0,40067023.0,131797331.0,48971689.0,8385196.0,146203144.0,69078848.0,16001844.0
2013-08-01,95.0,66.5,63.5,106.57,111.28,3.574,39161.299515,9352.119496,116.525750469469,204.7,288.2,226.7,104.4,177.3,3.43,100.0,126.1,117.6,103.5,258.1,121500376.0,236728828.0,12613479.0,1611472.0,4027220.0,44582230.0,114428227.0,26332464.0,41710009.0,115493387.0,43936767.0,6933777.0,141937025.0,67291371.0,18264920.0
2013-09-01,100.0,70.0,67.75,106.29,111.6,3.532,40144.392508,9527.176643,119.662129441593,203.7,288.8,229.1,104.2,177.6,3.62,100.8,125.9,117.3,103.3,259.8,113510663.0,194533421.0,17852699.0,1508650.0,5358349.0,42431431.0,128305423.0,32285955.0,40156316.0,108856242.0,40950124.0,14849842.0,135450567.0,77056222.0,18558072.0
2013-10-01,100.0,71.5,69.75,100.54,109.08,3.344,41845.472131,13147.763822,114.963122896463,204.4,289.2,231.9,104.7,177.9,3.68,102.4,126.7,117.7,103.6,260.2,130608582.0,204281995.0,15501214.0,1495113.0,3996308.0,63336077.0,124977665.0,40374649.0,45124725.0,126518771.0,39912648.0,16561717.0,155436738.0,77393392.0,19534323.0
2013-11-01,100.0,71.0,66.5,93.86,107.79,3.243,40112.279565,13027.082593,112.925194753356,204.6,291.3,231.9,105.4,179.4,3.64,102.4,127.6,119.4,105.1,262.7,137747946.0,199087434.0,13198168.0,1437322.0,4471580.0,54568777.0,105219911.0,40097406.0,38439232.0,123781074.0,34774820.0,13588098.0,128926691.0,74037723.0,16874802.0
2013-12-01,100.0,70.0,67.75,97.63,110.76,3.276,37500.212876,12988.657301,116.050665895991,204.2,291.5,231.9,105.4,179.5,4.24,102.4,127.6,120.2,105.8,262.6,140046338.0,213452175.0,20927465.0,2511255.0,1707630.0,43845588.0,111679555.0,40661754.0,35990760.0,126049676.0,47837412.0,10405892.0,106398394.0,53929905.0,13280168.0
2014-01-01,100.0,71.5,68.75,94.62,108.12,3.313,38377.19956,10264.542542,105.516510565907,204.9,294.7,231.9,106.0,181.4,4.71,102.4,128.5,120.9,106.5,266.1,149428598.0,248822118.0,6291588.0,3801426.0,2540418.0,59776489.0,125264258.0,33996684.0,38848579.0,142857479.0,46544778.0,19665909.0,135371662.0,91009145.0,12751384.0
2014-02-01,104.0,73.0,71.0,100.82,108.9,3.356,30700.352329,9750.696184,97.2956790739447,205.9,297.8,234.0,106.6,183.4,6.0,103.1,129.1,120.6,106.2,269.4,129884331.0,230349085.0,4078694.0,3391303.0,2423410.0,61256243.0,129062066.0,38010462.0,41828468.0,126346846.0,55626273.0,13168550.0,151042258.0,73915219.0,18764427.0
2014-03-01,104.0,73.0,71.75,100.8,107.48,3.533,31420.875281,10934.276106,103.477502439682,208.4,300.0,237.0,107.3,184.9,4.9,104.3,130.1,122.3,107.7,271.9,148871999.0,233293611.0,3405006.0,1901199.0,1989234.0,31684783.0,145567523.0,44025640.0,53703653.0,142568654.0,58514113.0,12416018.0,151041989.0,65256691.0,23007995.0
2014-04-01,104.0,73.0,71.25,102.07,107.76,3.661,36450.218795,9031.900812,99.5787633847708,212.8,301.1,237.0,107.0,185.5,4.66,104.3,129.8,123.6,108.9,273.1,146472781.0,228942126.0,10549347.0,1892900.0,2485002.0,25877201.0,149693972.0,43072844.0,45588674.0,142386905.0,58009765.0,15174453.0,153332579.0,70131533.0,26940858.0
2014-05-01,104.0,73.0,71.0,102.18,109.54,3.673,38188.13577,9220.161982,94.0184703032722,212.2,300.5,238.4,107.1,185.0,4.58,104.8,129.8,124.5,109.7,271.7,142546356.0,217758440.0,4822788.0,2243839.0,3097644.0,37536780.0,144422831.0,44918213.0,44440626.0,139574962.0,65797053.0,13337180.0,126882618.0,72003351.0,24013196.0
2014-06-01,104.0,73.0,71.5,105.79,111.8,3.692,39607.118661,9330.219574,94.6475604693347,213.7,298.2,238.4,107.3,183.6,4.59,104.8,129.8,124.5,109.7,269.4,107895266.0,236334085.0,6551962.0,2937651.0,3041071.0,34277870.0,143210975.0,41950367.0,49240461.0,109773378.0,60050127.0,10967484.0,151264022.0,68200363.0,27576473.0
2014-07-01,104.0,74.0,71.75,103.59,106.77,3.611,40319.618346,9291.791064,91.5742230571997,215.1,300.2,238.4,107.6,184.5,4.05,104.8,130.2,124.2,109.4,272.0,113522545.0,264648208.0,7162650.0,3736388.0,3089686.0,50404427.0,131251784.0,42165070.0,52882147.0,112140507.0,64561498.0,9039371.0,146416007.0,74114053.0,24353265.0
2014-08-01,104.0,78.0,75.75,96.54,101.61,3.487,40093.817085,9625.172763,83.9125282793579,215.0,302.8,238.4,107.4,185.9,3.91,104.8,130.2,124.1,109.2,274.9,114744453.0,247556849.0,5220282.0,2771693.0,3003984.0,57706343.0,157739399.0,29940836.0,54459039.0,114919942.0,70343821.0,9561996.0,139074079.0,74672795.0,19191615.0
2014-09-01,107.0,79.0,75.5,93.21,97.09,3.406,45102.77541,9313.967699,74.589230384787,214.7,305.0,238.4,107.9,187.0,3.92,104.8,130.8,125.9,110.9,277.1,144222313.0,223372229.0,2411127.0,3421245.0,2184973.0,56900112.0,141735112.0,43977995.0,52991689.0,137676016.0,87767486.0,15416900.0,138313800.0,65465568.0,27986814.0
2014-10-01,107.0,76.0,73.75,84.4,87.43,3.171,45335.351722,12593.334298,73.4885312272799,216.3,307.1,240.9,108.7,188.2,3.78,106.5,131.9,123.1,108.4,279.7,135246451.0,219039377.0,2856455.0,4522811.0,4765223.0,63201556.0,138110944.0,44310415.0,56297482.0,133831956.0,98773651.0,15652829.0,131553639.0,62889020.0,22343255.0
2014-11-01,104.0,73.5,70.75,75.79,79.44,2.912,42483.529438,12125.930519,74.2009960900291,215.7,303.2,240.7,108.7,185.6,4.12,106.4,131.9,125.1,110.1,275.3,142130602.0,202139346.0,2718224.0,2337535.0,2945179.0,53764186.0,119111751.0,43233371.0,49128814.0,129138729.0,82855390.0,15461679.0,112631565.0,55482301.0,23459002.0
2014-12-01,100.0,62.0,62.0,59.29,62.34,2.543,40395.902459,12175.209863,72.715066954437,215.4,295.7,238.3,108.3,181.1,3.48,105.3,131.3,124.4,109.6,265.4,154973802.0,210719697.0,2062662.0,2758989.0,2946223.0,49842724.0,100914214.0,38211332.0,41230982.0,137120049.0,59921412.0,12304771.0,93592840.0,40779100.0,21832572.0
2015-01-01,72.0,53.0,53.5,47.22,47.76,2.116,38589.696731,9459.198394,75.0264271868902,213.1,285.4,234.2,107.8,175.1,2.99,103.6,130.6,124.7,109.8,254.0,132469600.0,186500147.0,2392324.0,2260004.0,2052901.0,46438342.0,112081926.0,31545411.0,44761483.0,127821178.0,48546182.0,23615344.0,94342407.0,54957367.0,21370916.0
2015-02-01,67.0,55.0,51.75,50.58,58.1,2.216,31563.988155,8754.588178,82.0272377502195,210.1,280.8,233.0,106.8,171.8,2.87,102.8,129.2,122.5,107.9,248.4,135532173.0,179629638.0,3056017.0,2278087.0,1647922.0,35899606.0,113673879.0,36377536.0,35805060.0,125807618.0,57831846.0,10871547.0,103060265.0,47523979.0,18204662.0
2015-03-01,67.0,55.0,53.0,47.82,55.89,2.464,41136.91753,9886.519164,78.7169258606513,208.9,274.0,226.3,106.2,167.8,2.83,100.1,128.5,121.3,106.8,241.2,143420181.0,227732795.0,7532896.0,3274228.0,1059460.0,35105768.0,116094692.0,35061092.0,47387103.0,136598107.0,71928350.0,15302192.0,97936946.0,51772432.0,16616791.0
2015-04-01,67.0,58.0,54.75,54.45,59.52,2.469,36121.394467,9279.91285,77.1259143677066,208.0,273.2,224.5,105.0,167.1,2.61,99.5,126.9,119.1,104.9,240.3,143720092.0,234366332.0,9991726.0,2464090.0,1856814.0,46481447.0,110426262.0,34645611.0,43405007.0,137251308.0,72623527.0,10042777.0,117689974.0,54973289.0,13678824.0
2015-05-01,72.0,63.5,60.75,59.27,64.08,2.718,39082.029905,8749.787563,83.5472779889505,210.7,274.1,225.5,104.9,167.4,2.85,99.9,126.5,118.6,104.4,242.9,130095217.0,260374147.0,8246623.0,2553243.0,3715366.0,40200467.0,125143746.0,35415952.0,44799400.0,121618660.0,82040778.0,7590271.0,122410460.0,53860802.0,12972893.0
2015-06-01,72.0,63.5,61.0,59.82,61.48,2.802,41453.839795,9615.754115,82.9794228656618,212.1,275.6,223.5,105.1,168.5,2.78,99.6,127.2,118.3,104.1,244.7,134018054.0,268274935.0,11354267.0,2922469.0,10116556.0,53597184.0,123138740.0,39586301.0,42905501.0,120956048.0,69116767.0,8739684.0,124109200.0,65198477.0,11771010.0
2015-07-01,72.0,59.0,61.0,50.9,56.56,2.794,41215.078176,9505.173559,74.3665575019731,209.8,273.8,221.7,105.0,167.7,2.84,99.2,126.9,119.0,104.8,242.5,146105282.0,233383423.0,4113818.0,3127564.0,8266793.0,56807433.0,135894074.0,35665120.0,39745019.0,140450182.0,59722438.0,8180860.0,153447210.0,64778334.0,16140782.0
2015-08-01,67.0,51.5,59.75,42.87,46.52,2.636,44138.055272,9183.456081,64.4340664508838,211.2,270.7,223.5,103.7,165.9,2.77,99.8,127.1,119.5,105.3,238.9,147413976.0,232308680.0,6284014.0,2992830.0,7282923.0,53286551.0,111750571.0,19799504.0,36158620.0,131436243.0,55971929.0,7085983.0,132732082.0,65754964.0,10485099.0
2015-09-01,63.0,48.5,54.5,45.48,47.62,2.365,45724.951242,9419.421166,59.5136576825031,210.4,264.5,220.5,104.5,162.5,2.66,98.6,126.6,119.4,105.1,231.4,274250576.0,245269929.0,11142098.0,1991186.0,5927898.0,46685340.0,126288041.0,30194842.0,76303286.0,115772011.0,61920609.0,9620597.0,138126672.0,59020631.0,13834496.0
2015-10-01,63.0,48.5,54.0,46.22,48.43,2.29,44309.93252,11324.856248,59.0041903737688,208.0,261.4,218.2,103.8,160.7,2.34,97.7,125.7,118.5,104.3,228.9,140516694.0,241652511.0,9905328.0,2666913.0,4528207.0,43296326.0,123670281.0,35828099.0,40779380.0,129042726.0,66506562.0,8031578.0,127738043.0,57637774.0,13342058.0
2015-11-01,63.0,48.5,54.0,42.44,44.27,2.158,41884.774152,10603.592681,55.4403933557711,208.3,260.2,216.3,102.8,159.8,2.09,97.1,124.9,117.4,103.4,227.4,119791506.0,237913637.0,10662142.0,3013608.0,4115592.0,30359362.0,106265734.0,31835076.0,36117917.0,111644863.0,62518116.0,7507024.0,125027007.0,62753674.0,15819551.0
2015-12-01,63.0,47.5,54.0,37.19,38.01,2.038,37980.997419,10091.105315,56.59327533392,206.1,261.2,216.3,102.9,160.2,1.93,97.1,125.0,115.9,102.1,228.2,122286331.0,251975816.0,11290183.0,2048386.0,5338441.0,27482387.0,94474467.0,27199149.0,29884496.0,112152199.0,57005026.0,5594933.0,103836844.0,46775626.0,14558443.0
2016-01-01,60.0,40.5,49.25,31.68,30.7,1.949,37126.43412,8208.886377,55.3269951284122,207.6,256.7,213.9,102.9,157.5,2.28,96.3,125.0,115.8,102.0,224.8,115719354.0,222464882.0,15927325.0,2203017.0,6337574.0,37762792.0,94293920.0,28932064.0,35942148.0,111542298.0,46505603.0,5804330.0,106714506.0,56903383.0,16020962.0
2016-02-01,58.0,40.5,45.0,30.32,32.18,1.764,36066.892525,8080.515063,57.0405020270829,207.5,255.4,211.5,101.5,156.6,1.99,94.4,123.8,115.7,101.9,223.4,130095722.0,234693990.0,9880686.0,2372358.0,4858273.0,34053651.0,131232475.0,37764017.0,30367924.0,116731477.0,44627313.0,4023189.0,109359155.0,61082407.0,17146533.0
2016-03-01,63.0,47.0,48.0,37.55,38.21,1.969,29812.326908,8925.561211,65.639017567241,204.8,254.3,210.8,101.2,155.9,1.73,94.1,123.3,114.3,100.7,222.6,129894215.0,257902315.0,6815744.0,2013841.0,4696117.0,40383140.0,120921365.0,38364943.0,37180562.0,119841112.0,59139992.0,9698123.0,125125105.0,56336568.0,13641197.0
2016-04-01,67.0,50.0,52.0,40.75,41.58,2.113,32920.204539,8679.668476,78.0374201190487,204.5,254.0,211.5,101.4,155.9,1.92,94.5,123.9,114.7,101.0,222.7,113481207.0,270592379.0,1105659.0,2051841.0,4435845.0,37528035.0,125768801.0,35483631.0,36123626.0,103946920.0,56823839.0,9774560.0,123970851.0,60413161.0,15645290.0
2016-05-01,67.0,50.0,53.0,46.71,46.74,2.268,37513.726589,8541.963035,75.9184932421137,205.2,257.2,212.6,101.7,157.9,1.92,95.0,124.8,115.1,101.3,226.3,115334755.0,262602463.0,5582309.0,2545603.0,2775222.0,37486464.0,119005829.0,35908866.0,36780235.0,110784696.0,70074223.0,9079711.0,114302311.0,52887870.0,16254198.0
2016-06-01,67.0,50.0,52.75,48.76,48.25,2.366,38539.190214,8845.557796,71.6965446941588,205.9,260.1,214.0,101.7,159.6,2.59,95.5,124.8,117.9,103.8,229.7,132362617.0,240974938.0,6916333.0,1792459.0,10239158.0,35730621.0,129488032.0,37652488.0,36483156.0,118421125.0,58780036.0,9011856.0,126674204.0,55237644.0,16335833.0
2016-07-01,67.0,50.0,52.0,44.65,44.95,2.239,39438.857738,9129.666281,80.5036695666373,205.5,259.9,214.0,101.8,159.5,2.82,95.5,124.9,117.7,103.7,229.6,147465000.0,264474850.0,7526096.0,2830482.0,3520868.0,38417652.0,111328071.0,36108326.0,36862277.0,133688425.0,61890146.0,9624065.0,116641134.0,55046776.0,15127786.0
2016-08-01,67.0,52.5,53.5,44.72,45.84,2.178,43221.774205,9372.919258,74.9789079297113,203.4,259.5,214.0,101.5,159.2,2.82,95.5,124.1,118.2,104.1,230.3,141658623.0,234033450.0,8507491.0,3225187.0,6101264.0,46490244.0,107770259.0,23171154.0,37555332.0,132172757.0,79335801.0,13797046.0,111093366.0,58375327.0,14855979.0
2016-09-01,72.0,55.0,57.0,45.18,46.57,2.219,42020.928547,9521.151936,72.7822222683015,204.7,260.7,215.7,102.2,160.1,2.99,96.7,125.1,119.0,104.8,231.6,135458192.0,212542753.0,8897617.0,2652117.0,4648891.0,30640379.0,115791110.0,31363672.0,38095779.0,126933892.0,66928830.0,14920182.0,120844726.0,69499785.0,14849295.0
2016-10-01,72.0,50.0,56.5,49.78,49.52,2.249,43798.098424,12600.00471,75.5988182392733,202.5,263.3,217.2,103.1,161.7,2.98,97.2,126.5,120.2,105.8,233.7,126443164.0,218935637.0,7807220.0,2681546.0,3925838.0,25107359.0,116564298.0,40426750.0,42828522.0,124656906.0,65061792.0,16221649.0,103727849.0,53703246.0,16189378.0
2016-11-01,69.0,47.0,54.5,45.66,44.73,2.182,42602.631733,12044.084823,85.2692816160443,201.3,262.2,219.1,103.0,161.4,2.55,98.5,126.4,120.6,106.2,232.2,132604205.0,212283251.0,9614552.0,2552793.0,2624454.0,31028751.0,108709091.0,48545440.0,40845052.0,125294692.0,59378225.0,16573583.0,114045514.0,66949871.0,14656596.0
2016-12-01,67.0,46.0,53.0,51.97,53.31,2.254,39358.926061,11644.805511,101.010820998846,202.7,258.1,218.5,102.7,159.1,3.59,98.2,125.5,120.6,106.2,227.3,131101626.0,236842068.0,28774251.0,2479395.0,1475544.0,36542453.0,94742754.0,29441401.0,30059370.0,120650236.0,58129783.0,14398519.0,81797957.0,53500131.0,12404277.0
2017-01-01,67.0,48.0,53.0,52.5,54.58,2.349,41335.553396,9955.522802,115.897763023011,202.5,260.1,216.9,102.6,160.6,3.3,97.6,125.5,120.6,106.2,229.3,116807110.0,256557083.0,25778286.0,1546598.0,1521385.0,35359923.0,115097049.0,40114550.0,36863536.0,120157084.0,44356313.0,16446501.0,105207291.0,54171558.0,13749434.0
2017-02-01,72.0,53.0,56.0,53.47,54.87,2.304,32784.957412,9739.814915,122.989449428927,203.7,265.1,218.0,101.6,164.8,2.85,97.9,125.2,119.3,105.0,235.3,95580137.0,270137726.0,18012512.0,2049431.0,2566529.0,31809494.0,116080821.0,41737087.0,38662662.0,106797876.0,55509256.0,10064254.0,110554939.0,57656393.0,14803777.0
2017-03-01,75.0,53.5,58.5,49.33,51.59,2.325,34161.993661,9720.184109,107.351636661824,205.8,269.2,226.0,102.7,168.1,2.88,100.8,126.2,119.9,105.6,240.8,112624116.0,267844089.0,13127837.0,5680387.0,1530241.0,33470173.0,126468445.0,47930356.0,44113017.0,116508161.0,58252159.0,13851607.0,114806010.0,60552038.0,16231234.0
2017-04-01,75.0,52.5,60.0,51.06,52.31,2.417,37441.870879,9806.476826,101.249099379342,209.4,273.8,228.5,103.0,170.3,3.1,101.8,127.0,120.6,106.2,245.6,107096267.0,199230576.0,3814147.0,2724361.0,1336375.0,32271272.0,108113163.0,41005765.0,39523823.0,116280282.0,65341591.0,10290579.0,116333558.0,55486616.0,16120217.0
2017-05-01,72.0,49.5,57.0,48.48,50.33,2.391,41756.844722,9880.023522,98.6067785788373,208.3,274.1,229.7,103.3,169.0,3.15,102.2,126.9,122.2,107.6,245.8,93204912.0,208458336.0,6874394.0,4553413.0,2631294.0,39301180.0,130404272.0,43935300.0,44560733.0,103305700.0,56552299.0,12209958.0,128051044.0,66399882.0,26526438.0
2017-06-01,72.0,46.25,57.0,45.18,46.37,2.347,42258.078621,9718.210931,79.7675530736104,209.9,272.9,228.5,103.0,168.1,2.98,101.7,126.3,122.2,107.6,244.5,96065199.0,209306081.0,8848590.0,3754569.0,3900733.0,36928827.0,128905680.0,43480245.0,47393173.0,98188672.0,63625627.0,11289443.0,119216496.0,82842719.0,19828997.0
2017-07-01,72.0,47.0,57.0,46.63,48.48,2.3,43561.110857,9954.063313,79.3528395564121,208.5,270.3,225.4,102.8,165.7,2.98,100.6,126.4,121.6,107.1,241.4,106799788.0,206529608.0,16110347.0,4769927.0,1872540.0,42978472.0,125581309.0,37176965.0,48791002.0,113660081.0,64626414.0,10352310.0,124143946.0,61919098.0,25848326.0
2017-08-01,75.0,47.0,57.0,48.04,51.7,2.38,45782.311949,10825.46077,83.1023445805132,208.0,269.9,225.4,103.4,165.2,2.9,100.6,126.8,121.5,107.0,240.8,95217462.0,191336203.0,20814420.0,2388281.0,2342852.0,37073868.0,133644478.0,30540945.0,46290370.0,104104567.0,66748612.0,13662143.0,134319459.0,63248735.0,24430387.0
2017-09-01,77.0,56.0,62.0,49.82,56.15,2.645,45405.051275,10895.979304,83.6584082517622,207.6,272.6,226.1,103.6,166.7,2.98,101.3,127.6,121.7,107.2,244.3,89483416.0,182740309.0,27165564.0,4065598.0,4878201.0,28237249.0,143846973.0,35373852.0,41212196.0,102058260.0,68737125.0,14115401.0,129858670.0,65548907.0,21705006.0
2017-10-01,80.5,56.0,62.0,51.58,57.51,2.505,48133.149629,12963.222187,73.6116493026981,207.6,277.2,232.6,104.5,169.6,2.88,103.5,128.6,123.2,108.5,249.4,103701823.0,194515239.0,20994549.0,3638570.0,3134214.0,28275417.0,127540876.0,32170413.0,58701009.0,136951833.0,61864926.0,8667545.0,128434522.0,65693337.0,22079921.0
2017-11-01,82.0,57.0,62.0,56.64,62.71,2.564,48104.793415,12908.394227,70.2656652434845,207.7,278.8,235.0,105.3,170.2,3.01,105.7,128.6,123.9,109.1,251.6,109996678.0,174785643.0,25221198.0,1577269.0,7594834.0,35202130.0,143158520.0,30851084.0,48460796.0,134169935.0,54300018.0,11687525.0,124837327.0,68550285.0,21710914.0
2017-12-01,82.0,55.0,58.25,57.88,64.37,2.477,44439.382241,13629.874337,73.6340049532346,207.1,280.3,236.9,105.0,170.9,2.82,106.3,129.2,125.3,110.3,253.2,133298585.0,215739485.0,24546179.0,1101132.0,3900157.0,46618083.0,112527983.0,29355321.0,46029872.0,138704412.0,48432346.0,9205616.0,97183581.0,50719151.0,29436583.0
2018-01-01,79.0,56.0,58.0,63.7,69.08,2.555,45681.310362,9909.454284,76.8242063567335,206.6,275.1,239.0,104.8,168.2,3.87,107.1,129.0,127.1,111.8,247.0,143401561.0,232734053.0,18856401.0,1103810.0,2394502.0,46025981.0,150814620.0,36899687.0,44617775.0,141408606.0,60943621.0,16290882.0,110816099.0,69410706.0,26792551.0
2018-02-01,83.0,60.0,61.0,62.23,65.32,2.587,38956.173961,9743.12115,78.4085743171663,204.9,278.0,236.8,107.2,169.9,2.67,106.3,132.4,126.6,111.9,247.3,103909175.0,265599511.0,8717652.0,1327675.0,4593585.0,35562374.0,156836460.0,38870675.0,47817916.0,105149496.0,58767700.0,13058392.0,130183432.0,61132015.0,29372703.0
2018-03-01,83.0,63.0,61.0,62.73,66.02,2.591,38273.829291,12653.006282,78.1670180931732,209.2,282.7,238.1,107.5,173.1,2.69,106.8,133.0,127.4,112.0,252.0,122330677.0,259964470.0,28392668.0,1370030.0,4150002.0,37172805.0,154557679.0,44307733.0,53323574.0,125775090.0,69510586.0,15182544.0,133780302.0,62223486.0,25118406.0
2018-04-01,83.0,59.0,61.0,66.25,72.11,2.757,38227.767574,10509.567261,77.7415047447978,206.7,280.7,239.7,107.5,172.3,2.8,107.5,132.8,127.1,111.7,248.9,126268633.0,255014329.0,19667205.0,1792370.0,4413602.0,39143329.0,144434054.0,40161507.0,50941393.0,130014242.0,64570491.0,14136668.0,128948613.0,69871509.0,27820914.0
2018-05-01,83.0,59.0,61.0,69.98,76.98,2.901,43866.578304,10397.753833,76.1236900344774,208.3,285.1,236.2,107.6,175.0,2.8,106.2,133.2,128.1,112.5,254.3,137722452.0,290489297.0,17357890.0,1836235.0,6532668.0,36981207.0,134612662.0,44119562.0,54442357.0,140427247.0,67661237.0,12965314.0,130451552.0,59146263.0,25215756.0
2018-06-01,83.0,59.0,61.0,67.87,74.41,2.891,44524.005052,10855.733395,70.0483530041459,206.9,288.0,235.7,107.4,176.9,2.97,106.0,132.9,127.9,112.3,257.4,112064198.0,342839383.0,17645498.0,1978823.0,5168966.0,27315890.0,148777099.0,42689701.0,53813886.0,110482151.0,72670277.0,11630702.0,128496501.0,67239838.0,24397455.0
2018-07-01,83.0,57.5,61.0,70.98,74.25,2.849,47009.750007,10151.956607,66.1977615602277,206.9,289.0,234.2,107.7,177.4,2.83,105.3,133.4,127.5,112.1,257.7,141160535.0,300539287.0,25198524.0,1741254.0,3611441.0,32910392.0,123436793.0,45552511.0,47077129.0,143902524.0,78222461.0,13972850.0,135355041.0,71459861.0,25939838.0
2018-08-01,83.0,53.0,59.75,68.06,72.53,2.836,47796.194112,9278.141243,66.5917590376227,205.9,292.6,234.2,107.4,179.6,2.96,105.3,133.0,127.2,111.8,262.7,142726808.0,299774797.0,35849971.0,1377694.0,2736783.0,43972277.0,114339375.0,33535363.0,52073212.0,141371849.0,86689358.0,17794285.0,124161360.0,68356903.0,23225513.0
2018-09-01,86.0,52.0,58.0,70.23,78.89,2.836,49938.049895,9733.102127,64.9477007375421,205.5,290.4,230.7,106.7,178.4,3.0,104.1,132.3,126.9,111.6,260.3,119229537.0,310842969.0,47661218.0,1449700.0,5981092.0,39416285.0,122017345.0,33210426.0,55763746.0,126476459.0,72873093.0,15833662.0,119022345.0,68736997.0,21615409.0
2018-10-01,86.0,51.0,58.0,70.75,81.03,2.86,52081.070497,9188.675374,64.4318867137904,206.4,291.4,233.7,107.1,179.0,3.28,105.2,132.8,126.3,111.1,260.8,109716872.0,343522055.0,45661348.0,2022871.0,7725116.0,42631592.0,130280737.0,43253658.0,56271095.0,117183571.0,69745174.0,13708255.0,128266016.0,70627906.0,26078588.0
2018-11-01,83.0,49.0,56.5,56.96,64.75,2.647,46344.570969,8650.462613,61.0147262177998,208.7,286.8,233.7,107.0,176.1,4.09,105.2,132.7,126.6,111.4,254.6,113835122.0,292161731.0,60491133.0,2043532.0,3541041.0,28684628.0,116925599.0,42716850.0,46749243.0,122389713.0,65644456.0,13249502.0,108064567.0,68014214.0,25848965.0
2018-12-01,80.0,44.0,53.5,49.52,57.36,2.366,45814.858502,9210.239622,64.4388411130883,212.9,282.2,224.9,106.6,173.0,4.04,101.9,132.2,126.7,111.4,248.7,110489685.0,295953327.0,44477407.0,968981.0,7231218.0,36202803.0,74584907.0,32207825.0,43610111.0,113118355.0,57986337.0,8848720.0,102475748.0,54447759.0,21291154.0
2019-01-01,80.0,43.5,53.0,51.38,59.41,2.248,41302.50818,7105.423454,71.8944761455489,209.6,276.5,223.8,105.8,169.7,3.11,101.5,131.4,126.3,111.1,242.7,112128280.0,312774174.0,48006455.0,908899.0,4395350.0,32462873.0,126246813.0,42842902.0,46458314.0,108772031.0,67956128.0,12576008.0,111455496.0,79066490.0,24221788.0
2019-02-01,80.0,43.0,53.0,54.95,63.96,2.309,33027.758098,8083.567641,73.9009577214054,208.9,275.8,223.7,104.8,169.3,2.69,101.5,130.0,125.7,110.7,241.3,114893274.0,295477141.0,58469172.0,1812408.0,4907958.0,29367982.0,122338709.0,41069648.0,43595424.0,119173602.0,49418362.0,8008851.0,111729748.0,72098658.0,21618332.0
2019-03-01,80.0,43.5,52.0,58.15,66.14,2.516,31078.662933,10574.292487,77.7544645422103,210.5,273.9,223.7,104.5,168.2,2.95,101.8,129.6,124.5,109.7,239.7,138285411.0,314866355.0,58777728.0,1339761.0,3790184.0,26997797.0,127625316.0,38212128.0,43877085.0,135591295.0,56968605.0,7889495.0,125917135.0,82276655.0,20834135.0
2019-04-01,83.0,44.0,51.0,63.86,71.23,2.798,34499.454932,7900.415334,77.6248665680858,210.3,273.9,224.4,104.6,168.3,2.65,102.0,129.8,123.5,109.0,239.2,132813501.0,314363477.0,41646731.0,1459670.0,2105013.0,24655884.0,128089166.0,39795746.0,41030383.0,138897451.0,54319369.0,9510946.0,123568836.0,60992139.0,20489478.0
2019-05-01,83.0,44.0,51.75,60.83,71.32,2.859,39023.881706,9070.662843,81.5516851840572,211.1,275.7,221.4,104.8,169.4,2.64,101.0,130.0,122.6,108.2,241.7,132159170.0,332723733.0,38861222.0,2826686.0,2677812.0,28126202.0,136247947.0,38643020.0,40827368.0,153702548.0,54428851.0,11072128.0,124104748.0,64557934.0,22193056.0
2019-06-01,83.0,40.0,50.5,54.66,64.22,2.716,38732.97518,9168.472651,89.9164386367575,212.3,273.2,222.7,105.7,167.8,2.4,101.4,131.3,123.8,109.2,238.2,109496158.0,346765618.0,34790924.0,2282332.0,1039279.0,26283663.0,105155935.0,37508026.0,39398331.0,116751172.0,52313559.0,7419895.0,118627848.0,57128823.0,20439368.0
2019-07-01,80.0,38.0,48.0,57.35,63.92,2.74,41237.166159,8700.82272,79.7238841910249,211.5,272.7,222.0,105.8,167.4,2.37,101.2,131.4,124.9,110.0,237.2,129423268.0,327495712.0,48865600.0,3611368.0,3870195.0,30487579.0,114229885.0,43059741.0,41272954.0,134063384.0,44705008.0,11630094.0,119158073.0,67370379.0,23943046.0
2019-08-01,77.0,37.0,45.0,54.81,59.04,2.621,40955.642945,9413.541123,67.7304932369297,210.8,273.1,220.9,105.3,167.4,2.22,100.8,130.7,121.3,107.2,237.1,114772325.0,368726811.0,36736202.0,2308320.0,1639291.0,31694629.0,100403220.0,25979675.0,36705313.0,116628272.0,51548235.0,7355328.0,104644346.0,65383644.0,19288038.0
2019-09-01,80.0,35.0,43.25,56.95,62.83,2.592,39866.673154,8604.763411,68.1361348959393,211.0,273.3,220.9,104.9,167.6,2.56,100.8,130.2,119.2,105.6,237.6,103573085.0,322181305.0,29764851.0,3347356.0,2080077.0,18521966.0,111929802.0,29690340.0,37771636.0,113947116.0,39262234.0,9712380.0,108555268.0,68441589.0,19761817.0
2019-10-01,80.0,35.0,43.0,53.96,59.71,2.627,39794.889454,8854.883948,65.121509293294,212.3,273.8,221.1,105.3,167.8,2.33,100.9,130.8,120.1,105.8,238.7,97322938.0,358169749.0,28414748.0,3260444.0,1807127.0,23508516.0,116771285.0,30813797.0,40774448.0,109790468.0,40662281.0,10903188.0,106896782.0,71780191.0,19496386.0
2019-11-01,77.0,32.0,41.25,57.03,63.21,2.598,36172.914882,10103.196777,69.723710078964,215.5,271.2,219.7,105.6,166.2,2.65,100.3,131.3,121.4,106.8,235.4,86449145.0,284841716.0,47539897.0,2545687.0,2194514.0,25674718.0,102739832.0,31409982.0,33481524.0,96516853.0,46535138.0,9768025.0,94972711.0,77403311.0,21282890.0
2019-12-01,77.0,30.0,39.25,59.88,67.31,2.555,33418.149084,8901.174927,74.949424390598,215.1,266.1,217.7,105.5,163.1,2.22,99.6,131.2,122.7,107.8,229.5,111720880.0,302420633.0,32843564.0,2667468.0,1707525.0,18073457.0,76058870.0,23009852.0,34113610.0,116273104.0,41756821.0,6341549.0,75502249.0,48808433.0,15308706.0
2020-01-01,47.0,34.0,40.0,57.52,63.65,2.548,32952.352592,7155.657444,75.2125082780706,214.8,265.7,215.5,105.0,163.1,2.02,98.8,130.6,123.1,108.1,228.9,102038242.0,301413744.0,28318292.0,2051348.0,1378324.0,23798176.0,125010085.0,30732921.0,32099690.0,103046439.0,47411776.0,13099154.0,86785738.0,54270841.0,15205576.0
2020-02-01,47.0,34.0,40.75,50.54,55.66,2.442,22581.562737,6826.571262,71.6608757971895,211.1,269.6,218.0,104.8,165.4,1.91,99.7,130.3,118.6,104.6,232.8,103882842.0,326192001.0,23027730.0,2062639.0,2774072.0,21023084.0,112655111.0,32269837.0,34785286.0,104157995.0,54102577.0,6377471.0,97868352.0,52090347.0,15930684.0
2020-03-01,47.0,32.0,39.25,29.21,32.01,2.234,19641.297588,7930.826696,68.3729457395668,211.6,268.6,217.4,105.3,164.7,1.79,99.5,130.9,117.4,103.7,231.9,107598247.0,318866830.0,19779001.0,2847539.0,2175264.0,20016432.0,137755475.0,31589575.0,40834224.0,112131741.0,48872486.0,7311571.0,110410699.0,51446593.0,17251474.0
2020-04-01,43.0,29.0,35.5,16.55,18.38,1.841,30740.324985,8630.680142,60.6993711474302,212.0,255.8,219.1,104.8,156.8,1.74,100.1,130.5,120.6,105.9,216.6,107102951.0,265203321.0,29432622.0,3541562.0,1313777.0,22926049.0,117563073.0,26414923.0,36107115.0,103108844.0,33240787.0,7328026.0,98054627.0,44060897.0,15507089.0
2020-05-01,43.0,28.0,33.25,28.56,29.38,1.87,36323.554668,9693.075359,61.37364060725,225.0,249.0,214.1,104.3,152.7,1.75,98.3,129.9,122.1,106.8,210.2,99729850.0,290610475.0,44269608.0,1745908.0,1962717.0,24109705.0,98706903.0,25552748.0,34941088.0,104418415.0,38869078.0,4244843.0,91108633.0,39468459.0,15566395.0
2020-06-01,47.0,31.0,37.75,38.31,40.27,2.082,37293.395274,9237.367341,64.7854381831213,215.0,251.1,211.7,103.4,153.8,1.63,97.5,129.1,121.4,106.2,212.1,82414899.0,323210907.0,36229666.0,1753708.0,1605099.0,31862428.0,105020740.0,31586728.0,35856012.0,87506959.0,38748802.0,4534450.0,87026767.0,48746480.0,14015597.0
2020-07-01,52.0,35.0,41.75,40.71,43.24,2.183,40482.286314,9088.239031,67.9849372594608,212.3,254.5,216.5,103.6,155.7,1.77,99.2,129.3,121.4,106.2,217.3,86786839.0,299764085.0,40642988.0,2053072.0,1917152.0,25676039.0,107224145.0,34187715.0,38720042.0,90458218.0,41654347.0,5454575.0,93171636.0,54487306.0,15003206.0
2020-08-01,57.0,40.0,44.5,42.34,44.74,2.182,40613.399267,10962.790264,79.9616260398618,211.7,261.2,214.3,104.3,159.5,2.3,98.4,130.0,120.5,105.5,225.1,95235059.0,295126509.0,31071587.0,2638636.0,2612764.5,24283028.0,101980048.0,19568806.0,41031205.0,105835082.0,42028761.0,5539008.0,92650103.0,54499507.0,11955639.0
2020-09-01,62.0,44.5,50.5,39.63,40.91,2.183,41017.169756,11501.427364,89.3124438678774,213.3,262.3,220.9,106.1,160.2,1.92,100.8,132.0,122.7,108.3,226.0,103045253.0,286334001.0,22185392.0,2952215.0,3308377.0,18908995.0,120489246.0,25982452.0,39210868.0,112969708.0,49380210.0,5756154.0,108149249.0,53271218.0,12345583.0
2020-10-01,62.0,47.0,55.0,39.4,40.19,2.158,44672.409615,14802.584475,101.520278489552,216.8,272.2,224.0,107.2,166.0,2.39,101.9,133.1,123.4,109.4,238.2,108125301.0,312742536.0,24609360.0,1578018.0,2372563.0,17437540.0,116922018.0,30986505.0,40947306.0,116925749.0,52914871.0,7829297.0,99053764.0,54338957.0,14707676.0
2020-11-01,62.0,46.0,52.25,40.94,42.69,2.108,44731.676555,14206.533468,110.151798107092,215.6,273.6,222.4,108.3,167.0,2.61,101.3,134.7,124.9,110.6,240.0,113705840.0,296936173.0,13866269.0,1658047.0,3702979.0,20086691.0,126247456.0,35064924.0,39909408.0,122155237.0,49718025.0,10151536.0,91535329.0,65492640.0,14330418.0
2020-12-01,67.0,50.5,53.5,47.02,49.99,2.195,41633.922784,14508.082549,107.745595720848,212.4,279.1,228.4,109.0,170.4,2.59,104.1,135.6,125.7,111.2,246.3,120979267.0,340795224.0,12341750.0,,1655730.0,15120273.0,95608542.0,28268268.0,35237272.0,119182956.0,69058387.0,,82139286.0,56064328.0,13403707.0
2021-01-01,72.0,55.0,62.25,52.0,54.77,2.334,38870.041824,13015.781834,104.398944035707,213.8,287.5,229.2,110.0,175.4,2.71,104.3,136.9,128.0,112.9,256.7,128071250.0,396977349.0,16976576.0,1703952.0,4119510.0,20369372.0,137179253.0,35380945.0,35995556.0,128562377.0,86194873.0,12083334.0,98245960.0,48169995.0,15713303.0
2021-02-01,79.0,68.0,69.0,59.04,62.28,2.501,33871.464004,9261.250069,105.246154792108,216.3,300.4,233.0,109.9,182.4,5.35,105.7,136.4,128.0,113.0,271.7,139813483.0,339375158.0,13548987.0,2076096.0,9241435.0,15252470.0,144495847.0,39089565.0,41060728.0,136076768.0,74579462.0,10573406.0,116133820.0,65344887.0,14489459.0
2021-03-01,86.0,87.0,84.5,62.33,65.41,2.81,39988.426519,12808.857466,108.160215326471,217.4,326.7,242.9,113.0,197.4,2.62,109.4,140.1,135.7,119.0,302.3,157479309.0,389929332.0,14470114.0,3373236.0,11419543.0,23109583.0,158007234.0,54045923.0,52459408.0,165180445.0,74198543.0,18486262.0,133762418.0,67048554.0,17088595.0
2021-04-01,93.0,85.0,85.0,61.72,64.81,2.858,37408.536229,11905.630501,99.3282073014635,221.1,342.8,247.4,117.0,206.9,2.66,113.4,144.9,137.5,120.4,321.8,154288060.0,334803576.0,10033898.0,3496031.0,17622839.0,22548114.0,169994126.0,53027371.0,54118886.0,163027307.0,75799992.0,17450443.0,147417159.0,62273824.0,18554327.0
2021-05-01,98.0,87.0,87.5,65.17,68.53,2.985,38507.660086,12404.530712,105.414992152843,226.1,350.3,255.9,120.4,211.5,2.91,117.3,149.2,142.2,124.3,329.8,137577168.0,373388552.0,23252642.0,3219061.0,13657195.0,28509586.0,163369013.0,54713918.0,68907927.0,151723024.0,76151600.0,23782419.0,151467079.0,70926561.0,16472774.0
2021-06-01,103.0,87.0,92.5,71.38,73.16,3.064,39819.353721,12139.772559,97.0688826192269,230.6,362.9,268.6,123.0,219.0,3.26,122.4,152.0,146.2,128.3,342.7,149432679.0,359259049.0,37141561.0,1784753.0,10878306.0,29989327.0,182075184.0,53030684.0,70133358.0,166868551.0,60442447.0,19365186.0,141571856.0,93522573.0,17057304.0
2021-07-01,108.0,92.0,97.0,72.49,75.17,3.136,40315.751733,11751.586663,84.9233924775288,227.059,371.402,275.777,124.856,224.263,3.84,125.006,154.144,146.07,128.732,353.336,185225434.0,346149667.0,30853674.0,3099196.0,11656741.0,32150107.0,166706783.0,47806818.0,78317866.0,213337303.0,69870419.0,12447950.0,156467384.0,86365913.0,18309838.0
2021-08-01,108.0,90.0,100.75,67.73,70.75,3.158,42896.454582,11239.060205,86.2496117460692,231.623,376.96,282.857,129.136,228.255,4.07,127.554,159.699,152.898,134.602,358.454,149720547.0,370877364.0,10294501.0,2000081.0,14078580.0,41610784.0,131424895.0,33076641.0,72700921.0,178319934.0,76410017.0,20939468.0,138165474.0,82963300.0,18321222.0
2021-09-01,108.0,85.0,98.75,71.65,74.49,3.175,47384.883751,11028.357886,81.2240575782592,236.751,377.061,286.721,130.497,228.723,5.16,128.944,161.199,164.093,143.875,358.01,146383258.0,409792631.0,8854262.0,2829699.0,12462762.0,26406150.0,167765087.0,48762381.0,90393588.0,189590281.0,79683324.0,13787491.0,136356998.0,80172926.0,21773956.0
2021-10-01,103.0,78.5,91.75,81.48,83.54,3.291,47986.674412,16678.510021,85.5368228883846,236.293,379.449,285.666,132.865,230.093,5.51,128.565,164.42,168.906,147.624,359.606,207861569.0,376461193.0,15934432.0,2968270.0,7670435.0,33366660.0,161000360.0,45417169.0,72978322.0,241932910.0,64651393.0,15824064.0,170057346.0,83566524.0,20914222.0
2021-11-01,98.0,75.0,86.25,79.15,81.05,3.395,48360.676273,15865.223364,88.5024565295995,239.109,375.398,296.322,132.216,227.575,5.05,132.399,163.6,167.268,146.348,353.75,181329299.0,356909698.0,18155374.0,4272987.0,12636608.0,30282686.0,156012909.0,49069658.0,66495504.0,219847232.0,68942641.0,15880512.0,142465902.0,83843268.0,23869675.0
2021-12-01,93.0,65.5,76.25,71.71,74.17,3.307,49525.453032,13343.611899,88.1867087380963,238.463,367.883,292.442,130.467,222.851,3.76,131.003,161.287,161.253,141.662,343.395,162240764.0,362584392.0,15848934.0,3368787.0,10850918.0,36191998.0,131881421.0,38502405.0,53891454.0,198081347.0,73927005.0,11952322.0,133905307.0,82845701.0,20307828.0
2022-01-01,93.0,61.0,71.5,83.22,86.51,3.315,47846.865938,11475.205432,90.21055782856,241.648,357.296,285.039,129.916,217.024,4.38,128.339,160.502,158.663,139.644,328.684,178140007.0,410745829.0,12071230.0,2174737.0,8621323.0,31415738.0,160060029.0,41135486.0,68411546.0,202525129.0,57044744.0,19140124.0,139081194.0,76331460.0,24401878.0
2022-02-01,93.0,61.0,69.25,91.64,97.13,3.517,42259.975985,11593.988132,96.8899654160606,245.618,357.647,284.688,129.938,217.216,4.69,128.213,160.517,155.82,137.429,328.986,148803911.0,426675081.0,9866869.0,2076855.0,14409174.0,26717088.0,169907642.0,53757910.0,58743160.0,171455802.0,58266726.0,11882970.0,155061110.0,78172598.0,22821937.0
2022-03-01,97.0,62.5,68.75,108.5,117.25,4.222,47373.521578,13375.086886,98.3014720470411,250.917,357.628,288.808,130.33,217.315,4.9,129.695,161.015,155.066,136.842,328.095,171481945.0,484272027.0,11616153.0,4979994.0,20459693.0,34374258.0,195164436.0,60393065.0,75654793.0,195510706.0,86926434.0,17048929.0,186689633.0,89253817.0,27688871.0
2022-04-01,97.0,67.0,72.5,101.78,104.58,4.109,41772.201093,11201.691921,97.0667226529915,255.798,370.66,291.62,130.063,225.154,6.6,130.707,160.254,155.218,136.96,343.327,145065591.0,517968858.0,3833769.0,4216186.0,35769808.0,32568034.0,173743569.0,55788135.0,76931761.0,173308701.0,103849946.0,24171190.0,165827322.0,90545692.0,24458748.0
2022-05-01,100.0,70.0,71.5,109.55,113.34,4.444,43864.418558,12321.325105,96.0544839308527,258.928,377.211,291.348,137.784,228.948,8.14,130.805,170.766,157.801,138.972,349.319,116723926.0,511757714.0,3414820.0,2632904.0,22586175.0,32324858.0,175757550.0,63897507.0,76261774.0,136659510.0,107343571.0,18372337.0,171714186.0,79605486.0,21344051.0
2022-06-01,100.0,,,114.84,122.71,4.929,48625.3061,11678.394417,94.0215629822002,259.227,380.764,304.147,138.381,231.26,7.7,135.578,171.388,159.5,140.297,352.112,93980358.0,448242158.0,3730391.0,3219451.0,25440416.0,33113508.0,178815228.0,54885455.0,67153906.0,112939262.0,135751826.0,19460519.0,170543424.0,101189454.0,28424045.0
2022-07-01,97.0,,,101.62,111.93,4.559,46664.149308,12267.235538,82.938383507189,263.315,373.717,304.969,139.078,227.919,7.28,135.873,172.337,159.5,140.297,342.621,88981767.0,474253872.0,4833895.0,3539054.0,15891235.0,26982510.0,139543051.0,46749406.0,63197732.0,107697085.0,140327139.0,20332641.0,154733071.0,87948739.0,27934178.0
2022-08-01,93.0,,,93.67,100.45,3.975,50348.836582,12906.699996,73.3045584509684,262.981,362.99,303.837,143.702,221.903,8.81,135.466,178.92,161.653,141.973,329.278,123065609.0,453122670.0,5476717.0,3683749.0,19783404.0,23870136.0,136630959.0,32000512.0,61120653.0,142831470.0,120324617.0,19310108.0,144131334.0,81872550.0,26097012.0
2022-09-01,90.0,,,84.26,89.76,3.7,49247.891499,11953.51058,66.9564987905564,265.656,361.407,308.976,143.787,220.836,7.88,137.316,179.097,161.28,141.413,326.451,128225112.0,401790570.0,2561873.0,3478139.0,18255991.0,21317329.0,145081910.0,43680408.0,72844563.0,107230475.0,156434480.0,14410445.0,113310929.0,74477441.0,21277339.0
2022-10-01,90.0,,,87.55,93.33,3.815,44571.967124,15698.339652,68.5357286494898,268.312,353.405,311.13,143.472,216.053,5.66,138.09,178.722,157.362,138.361,316.901,129493155.0,403395083.0,5651870.0,4469198.0,18255991.0,19748369.0,135796605.0,,60681920.0,135550402.0,155159512.0,16783023.0,119307001.0,109421098.0,
2022-11-01,90.0,,,84.37,91.42,3.685,36876.437049,15576.005996,65.2658343099326,278.025,341.941,309.869,142.166,208.999,5.45,137.637,177.242,151.405,133.72,300.185,,,,3614701.0,18255991.0,19595788.0,,,,,,11079039.0,,,
2022-12-01,90.0,,,76.44,80.92,3.21,36876.437049,15576.005996,65.2658343099326,278.025,341.941,310.296,,,5.53,137.79,177.399,151.405,133.72,291.825,,,,,18255991.0,19595788.0,,,,,,,,,
